244,㑳
245,㑺
246,㒓
247,㒺
251,㕁
252,㕑
253,㕘
255,㕠
258,㕶
263,㗄
267,㘆
270,㘚
273,㘭
274,㘱
278,㙟
279,㙡
281,㚁
289,㝃
290,㝛
291,㝠
292,㝡
299,㞞
300,㟁
305,㠀
306,㠄
309,㠣
310,㠯
311,㠶
313,㡌
314,㡑
316,㢘
319,㤙
325,㥦
326,㥫
327,㥮
328,㥵
337,㧱
339,㨗
340,㨘
341,㨪
342,㨿
343,㩋
344,㩐
345,㩗
346,㩙
348,㩦
349,㩳
350,㪍
352,㪚
353,㪟
356,㬉
361,㬪
364,㮣
366,㯭
367,㯳
370,㰍
371,㱃
374,㱮脓
376,㳂
377,㳄
379,㳒
385,㴱
393,㷟
405,㻫
408,㼆
409,㼈
411,㼝
412,㽁
415,㽞
420,㾹
422,㿜
426,䀉
429,䁪
430,䂫
433,䃉
435,䃘
436,䃠
437,䃮
439,䄍
449,䈎
450,䈰
451,䉬
452,䉲
453,䉵
454,䉵
455,䉵
456,䊪
457,䋎
458,䌈
459,䌥
467,䎱
476,䑲
478,䒣
486,䓣
492,䔛
494,䕭
496,䖏
506,䗬
508,䗻
509,䘌
510,䘏
511,䘑
514,䘚
515,䘮
517,䙡
518,䛐
519,䛡
523,䝔
525,䝟
526,䝼
530,䞓
532,䠀
533,䠊
534,䠱
535,䠶
536,䡵
540,䤌
541,䤨
542,䤼
543,䥇
544,䥑
545,䥕
546,䥛
547,䥥
552,䦛
553,䦟
557,䧡
558,䨦
562,䩄觍
566,䪍
567,䫈
568,䫏
569,䬃
570,䭔
571,䭾
572,䮄
574,䯧
579,䰖
580,䰛
581,䰟
582,䰾
583,䱗
584,䱚
585,䱛
586,䱵
587,䱷
588,䱻
589,䲁
590,䲗
591,䲘
595,䳍
596,䳘
597,䴈
598,䴉
608,䴚
610,䴸
613,䶊
614,䶕
615,䶗
616,䶧
692,一古脑儿
809,一槌定音
969,丁宁
1730,不是玩的
2143,丟
2252,並
2503,丰富多采
2834,义无返顾
2975,乗
3136,书柬
3254,乹
3256,乾
3259,亁
3260,亂
3403,二簧
3481,云豆
3571,五痨七伤
3590,五采缤纷
3612,亙
3628,亞
3843,亯
3844,亱
3907,亷
3996,人材
4084,亾
4309,仛
4311,仝
4543,伀
4584,伏侍
4599,伏罪
4604,伏输
5019,佀
5033,佇
5034,佈
5068,低徊
5196,佔
5258,余辉
5374,佢
5407,佳宾
5417,併
5469,來
5471,侈糜
5506,侖
5641,侴
5657,侷
5658,侷促
5706,係
5749,俔
5777,俛
5823,保母
5858,保镳
5881,俞
5885,俠
5898,信口开合
5962,俥
6058,俻
6060,倀
6062,倆
6063,倈
6064,倈
6065,倉
6066,個
6080,倐
6081,們
6124,倒楣
6172,倖
6176,倘佯
6263,倣
6280,倫
6286,倳
6289,倸
6406,偉
6470,偘
6569,偪
6573,偰
6577,側
6578,偵
6616,偺
6621,偻㑩
6622,偽
6635,傅会
6641,傌
6655,傑
6659,傖
6660,傘
6661,備
6662,傚
6663,傜
6664,傢
6712,傭
6713,傯
6724,傳
6725,傴
6726,債
6727,傷
6740,傾
6741,僂
6743,僅
6745,僉
6746,僊
6747,働
6758,像貌
6759,僑
6761,僕
6770,僞
6773,僤
6774,僥
6782,僨
6790,僱
6800,僶
6801,價
6809,僾
6810,儀
6811,儁
6812,儂
6813,億
6814,儅
6818,儈
6819,儉
6821,儌
6822,儌倖
6823,儍
6824,儎
6825,儐
6839,儔
6840,儕
6842,儗
6843,儘
6844,償
6848,優
6849,儭
6850,儱
6851,儲
6854,儵
6855,儷
6856,儸
6857,儹
6858,儺
6859,儻
6860,儼
6903,元元本本
6921,元来
6924,元煤
6967,兇
7104,光采
7166,兎
7175,兒
7245,兠
7269,入坐
7389,兩
7696,关连
7893,冄
7916,内哄
8018,冊
8038,再接再砺
8055,冐
8285,冪
8584,凃
8679,凍
8730,凔
8732,凙
8737,凜
8750,凝炼
8764,凟
8799,凢
8812,処
8835,凱
8838,凴
9058,出谋画策
9156,刄
9163,分付
9564,刦
9565,刧
9616,刪
9668,刬除
9706,刴
9803,刻日
9805,刻期
9816,刼
9833,剄
9835,則
9836,剉
9837,剉
9851,剋
9938,剏
9966,剗
9967,剙
9969,剛
9976,剠
10008,剨
10033,剮
10084,剳
10085,剴
10086,創
10087,剷
10088,剹
10104,劃
10107,劄
10108,劄记
10109,劇
10132,劉
10133,劊
10134,劌
10135,劍
10137,劑
10138,劒
10140,劗
10143,劚
10189,劝戒
10321,劤
10511,効
10532,勁
10541,勅
10565,勌
10569,勑
10584,動
10587,勗
10597,務
10599,勛
10600,勝
10601,勞
10611,勢
10612,勣
10613,勣
10632,勥
10633,勦
10634,勩
10636,勱
10637,勳
10638,勵
10640,勸
10649,勾划
10661,勾联
10686,匃
10688,匄
10762,匊
10870,匟
10901,匭
10906,匯
10907,匱
10908,匲
10909,匳
10910,匵
10970,區
11010,十锦
11168,卋
11263,協
11532,卤莽
11552,卨
11710,卸傤
11721,卹
11723,卻
11727,厀
11790,压伏
11835,压韵
11849,厓
11857,厖
11863,厙
11887,厛
11940,原故
11965,原由
11990,厠
11994,厤
12011,厪
12012,厫
12013,厭
12021,厰
12022,厲
12023,厴
12107,参预
12109,參
12200,双𨱑
12307,収
12314,发人深醒
12661,叙文
12665,叙言
12670,叚
12680,叜
12691,叡
12692,叢
12892,叫化子
12957,可可的
12976,可惜了的
13763,吒
13777,吚
13823,吢
13867,含胡
13959,吳
14078,告戒
14111,呌
14194,呪
14236,呶
14319,咊
14479,咲
14486,咵
14501,咼
14584,哄动
14594,哅
14695,員
14756,哶
14777,唄
14812,唓
14816,唕
14818,唘
14819,唙
14820,唚
14848,唫
14918,唸
14919,唻
15010,啎
15011,問
15013,啑
15014,啓
15018,啗
15024,啞
15025,啟
15027,啢
15028,啣
15116,喆
15146,喎
15152,喒
15159,喘嘘嘘
15211,喝倒采
15216,喝采
15224,喦
15237,喪
15238,喫
15239,喬
15241,單
15243,喲
15288,喽罗
15290,嗁
15296,嗆
15297,嗇
15303,嗊
15307,嗎
15326,嗚
15353,嗩
15371,嗶
15391,嘅
15392,嘆
15406,嘍
15422,嘑
15424,嘔
15425,嘖
15426,嘗
15438,嘜
15448,嘠
15456,嘩
15461,嘮
15462,嘯
15463,嘰
15497,嘵
15502,嘷
15503,嘸
15506,嘹喨
15511,嘽
15516,噁
15517,噁
15521,噉
15530,噏动
15531,噐
15541,噚
15544,噝
15545,噠
15549,噥
15550,噦
15580,噯
15581,噰
15585,噲
15586,噴
15591,噸
15592,噹
15599,噽
15600,嚀
15610,嚇
15611,嚌
15619,嚐
15622,嚕
15623,嚙
15630,嚥
15631,嚦
15632,嚨
15633,嚪
15634,嚫
15635,嚬
15637,嚮
15639,嚲
15640,嚳
15641,嚴
15642,嚶
15646,嚻
15654,嚾
15655,囀
15656,囁
15657,囂
15658,囅
15659,囈
15660,囉
15673,囌
15675,囑
15676,囓
15679,囘
15680,囙
15756,囝
15952,囬
15965,囯
16014,囹圉
16203,图象
16210,圅
16254,圇
16272,國
16275,圍
16278,園
16279,圓
16280,圖
16281,團
16285,圝
16286,圞
16835,坵
16846,坿
16917,垜
16963,垵
16967,垻
17035,埜
17041,埡
17046,埨
17053,埰
17054,埳
17057,執
17134,堃
17136,堅
17151,堊
17164,堖
17165,堘
17167,堝
17181,堦
17191,堯
17194,報
17196,場
17207,堿
17214,塊
17215,塋
17219,塌实
17228,塏
17238,塒
17249,塗
17253,塙
17254,塚
17267,塟
17268,塢
17269,塤
17292,塲
17293,塵
17294,塸
17295,塹
17296,塼
17300,塿
17312,墊
17313,墋
17330,墖
17346,墜
17347,墝
17380,墟
17381,墠
17412,墪
17414,墮
17415,墰
17416,墳
17417,墶
17419,墻
17421,墾
17446,壄
17449,壇
17450,壈
17451,壋
17452,壎
17454,壓
17458,壖
17459,壘
17460,壙
17461,壚
17462,壜
17463,壞
17464,壟
17465,壠
17466,壢
17469,壩
17470,壪
17509,壯
17570,壺
17571,壻
17572,壼
17573,壽
17574,夀
17721,复辙
17923,外面光
17928,夘
18028,夜消
18059,夠
18064,夥
19006,夾
19117,奐
19250,奢糜
19254,奤
19265,奩
19266,奪
19267,奬
19269,奮
19271,奲
19369,奼
19418,好样的
19593,妝
19614,妬
19646,姉
19660,姍
19728,委过
19736,姙
19751,姦
19764,姪
19782,姿式
19865,娙
19877,娬
19898,娿
19901,婁
19964,婣
19968,婦
19972,婬
19973,婭
20001,媍
20031,媧
20034,媮
20035,媯
20044,媽
20047,媿
20053,嫁装
20064,嫋
20082,嫗
20116,嫰
20120,嫵
20121,嫺
20122,嫻
20124,嫿
20125,嬀
20126,嬃
20127,嬅
20128,嬈
20135,嬋
20136,嬌
20141,嬙
20143,嬝
20144,嬡
20146,嬪
20148,嬭
20149,嬰
20154,嬸
20155,嬾
20160,孃
20162,孌
20206,子细
20389,孤苦零丁
20393,孤负
20472,孫
20483,孳孳
20489,學
20495,孼
20503,孿
20518,宂
20723,宏扬
20823,定单
20834,定婚
20851,定户
20882,定货
20890,定阅
21378,寀
21386,寃
21388,寄与
21495,寑
21497,寒伧
21547,寔
21548,寕
21549,寖
21550,寘
21581,寢
21588,實
21589,寧
21592,審
21593,寫
21594,寬
21602,寳
21603,寵
21604,寶
21877,尅
21878,尅
21909,將
21910,專
21927,尋
21928,對
21929,導
22175,小题大作
22223,尒
22252,尗
22285,尟
22286,尠
22304,尩
22320,就坐
22341,尲
22344,尵
22345,尷
22512,屆
22551,屍
22575,屓
22612,展转
22618,屜
22653,屢
22655,層
22666,屧
22667,屨
22668,屩
22669,屬
22670,屭
22723,山查
22811,岅
22858,岡
22894,岹
22912,峝
22925,峩
22934,峯
22944,峴
22945,島
22950,峽
22970,崍
22973,崐
22974,崑
22979,崕
22985,崗
22986,崘
22987,崙
23006,崪
23007,崬
23013,崯
23036,嵐
23038,嵗
23052,嵽
23053,嶁
23055,嶃
23056,嶄
23058,嶇
23062,嶔
23065,嶗
23071,嶠
23072,嶢
23074,嶧
23075,嶨
23076,嶩
23077,嶮
23080,嶴
23082,嶸
23083,嶺
23084,嶼
23085,嶽
23092,巋
23098,巒
23099,巔
23100,巖
23101,巗
23102,巘
23115,巠
23264,左证
23353,差迟
23360,巰
23398,巵
23409,帀
23514,帋
23518,希世
23522,希奇
23524,希少
23526,希有
23531,希罕
23571,帥
23598,師
23599,帬
23637,帳
23640,帶
23694,幀
23696,幃
23702,幇
23719,幗
23720,幘
23721,幙
23722,幚
23726,幟
23727,幠
23734,幣
23739,幫
23740,幬
23741,幮
23743,幱
23751,干与
23939,平空
24102,幹
24176,幾
24480,庪
24481,庫
24530,庻
24532,庽
24534,廁
24535,廂
24536,廄
24539,廈
24558,廎
24559,廐
24567,廕
24570,廚
24572,廝
24573,廞
24574,廟
24575,廠
24576,廡
24577,廢
24578,廣
24580,廩
24585,廬
24586,廳
24587,廵
24614,廸
24615,廹
24644,廻
24645,廼
24646,廼
24939,弔
25005,弘图
25007,弘愿
25010,弘旨
25013,弘论
25049,弢
25112,弳
25113,張
25115,強
25217,弻
25222,彄
25223,彆
25224,彈
25225,彉
25226,彊
25227,彌
25228,彍
25229,彎
25256,归根结柢
25375,录相
25376,录象
25387,彙
25388,彜
25394,彠
25487,彫
25488,彫
25524,影象
25533,彷彿
25550,彿
25604,徃
25647,後
25653,徑
25736,從
25737,徠
25744,御手
25751,徧
25753,復
25767,徬
25820,徵
25834,徹
25839,徼倖
26007,必恭必敬
26170,快板书
26220,忷
26226,忼
26244,忿忿
26346,思惟
26510,怱
26511,怳
26581,恆
26583,恉
26600,恍忽
26644,恠
26645,恡
26660,恥
26704,恭惟
26878,悤
26919,悮
26963,悵
26964,悶
26976,悽
27034,情素
27102,惓惓
27150,惡
27151,惥
27173,惨澹
27197,惪
27227,惱
27228,惲
27258,惷
27259,惸
27275,惺松
27276,惻
27278,惽
27382,愛
27383,愜
27445,愣头青
27470,愨
27473,愬
27475,愴
27476,愷
27477,愽
27478,愾
27486,慂
27487,慄
27489,慇
27490,慇懃
27502,態
27523,慘
27524,慙
27525,慚
27528,慟
27556,慣
27557,慤
27569,慪
27570,慫
27574,慮
27581,慳
27582,慴
27585,慶
27589,慼
27590,慽
27591,慾
27592,憂
27594,憇
27595,憊
27605,憐
27606,憑
27607,憒
27612,憖
27614,憚
27616,憤
27630,憫
27634,憮
27637,憲
27638,憶
27642,憹
27652,懃
27655,懇
27659,應
27667,懌
27668,懍
27682,懕
27683,懜
27684,懞
27685,懟
27686,懣
27690,懨
27691,懲
27694,懶
27695,懷
27696,懸
27697,懺
27698,懼
27699,懽
27700,懾
27703,戀
27709,戇
27714,戉
27785,成份
27887,戔
27969,戞
27978,戧
28000,戯
28001,戰
28002,戱
28003,戲
28031,戹
28032,戼
28600,扞
28740,扭股糖
29186,折衷
29222,抝
29390,披星带月
29448,抴
29595,担搁
29714,拋
29744,拏
29761,拑
29803,拕
29857,拚
30250,指手划脚
30310,按纳
30321,挐
30458,挱
30462,挵
30475,挺而走险
30493,挾
30499,捄
30634,捨
30636,捫
30651,捱
30652,捲
30656,捵
30679,掃
30680,掄
30681,掆
30830,掗
30835,掛
30844,採
30996,推委
31078,掫
31088,掱手
31114,掽
31116,揀
31124,揈
31206,揑
31252,揚
31253,揜
31302,揮
31320,揷
31322,揹
31335,搀假
31337,搀兑
31339,搀和
31342,搀杂
31364,搆
31365,搇
31367,搉
31368,搊
31373,損
31395,搗
31426,搤
31427,搥
31431,搧
31432,搨
31433,搩
31461,搭当
31465,搭挡
31485,搭赸
31489,搯
31493,搳拳
31495,搶
31500,搾
31503,摀
31507,摃
31607,摋
31609,摐
31610,摑
31638,摜
31640,摟
31641,摠
31642,摣
31673,摯
31674,摳
31677,摶
31694,摹仿
31699,摹拟
31705,摺
31706,摻
31728,撈
31729,撉
31730,撏
31731,撐
31761,撓
31773,撝
31783,撟
31784,撢
31785,撣
31808,撥
31809,撦
31810,撧
31814,撩
31816,撩乱
31821,撫
31851,撲
31852,撳
31860,撻
31865,撾
31866,撿
31870,擁
31875,擄
31882,擇
31883,擊
31884,擋
31914,擓
31915,擔
31916,擕
31926,據
31929,擠
31930,擡
31935,擣
31945,擧
31947,擬
31948,擯
31949,擰
31950,擱
31951,擲
31952,擴
31953,擷
31954,擺
31955,擻
31956,擼
31957,擾
31982,攄
31983,攆
31985,攏
31994,攔
31995,攖
32001,攙
32002,攛
32003,攜
32004,攝
32005,攟
32006,攢
32007,攣
32008,攤
32010,攧
32011,攩
32012,攪
32015,攬
32059,支解
32067,收伏
32145,攷
32367,敁
32368,敂
32369,敃
32458,敍
32504,敗
32505,敘
32593,敠
32681,敭
32786,敵
32794,數
32795,敺
32796,斁
32797,斂
32798,斃
32799,斅
32912,斈
32941,斕
32974,斗趣
32993,斚
33054,斩新
33062,斬
33120,斮
33207,斲
33208,斵
33210,斷
33211,斸
33274,於
33300,斾
33312,旁皇
33325,旂
33403,旛
33405,旟
33442,无动于中
33484,无宁
33496,无庸
33652,旤
33716,日蚀
33930,旹
33943,旾
33968,昇
34116,昚
34118,昞
34235,昬
34256,昰
34309,時
34319,晉
34368,晖映
34408,晛
34409,晝
34415,晣
34483,晳
34523,晻
34539,暈
34540,暉
34548,暎
34549,暐
34654,暘
34657,暠
34658,暢
34662,暫
34674,暱
34731,曄
34732,曆
34733,曇
34737,曉
34739,曏
34740,曖
34753,曠
34754,曡
34756,曨
34758,曬
34825,書
34869,會
34926,月芽儿
34928,月蚀
35090,服事
35207,朞
35233,朢
35238,朧
35452,朶
35460,机伶
35536,杀一警百
35608,杂遝
35656,杇
35721,杝
35853,東
35861,杴
35918,板寸
36004,枏
36011,枒
36014,枓拱
36016,枓栱
36111,枝桠
36116,枝解
36186,枱
36201,架式
36289,柟
36373,柵
36376,柹
36377,柺
36378,査
36388,栁
36440,标识
36510,栔
36531,栞
36566,栢
36567,栧
36575,栰
36772,案语
36801,桒
36808,桗
36809,桚
36812,桠杈
36814,桠枝
36846,桮
36860,桺
36862,桿
36888,梔
36889,梖
36896,梗直
36898,梘
36899,梜
36900,條
36901,梟
36906,梢公
36968,梹
37006,棃
37007,棄
37027,棊
37067,棖
37068,棗
37079,棟
37083,棡
37088,棧
37113,棲
37117,棶
37130,椀
37137,椉
37164,椏
37165,椏
37173,椗
37189,椶
37196,椾
37203,楊
37206,楓
37224,楥
37227,楨
37232,業
37236,楳
37237,極
37302,榘
37311,榜
37325,榦
37331,榪
37337,榮
37354,榿
37355,槀
37364,構
37366,槍
37370,槑
37371,槓
37373,槕
37374,槖
37385,槤
37387,槧
37388,槨
37389,槩
37394,槳
37397,槼
37407,槾
37411,樁
37412,樂
37413,樅
37417,樐
37418,樑
37419,樓
37424,標
37426,樝
37427,樞
37437,模写
37454,模胡
37456,樣
37513,樲
37516,樷
37517,樸
37518,樹
37519,樺
37530,橈
37531,橋
37548,橜
37550,機
37564,橢
37566,橤
37569,橰
37580,檁
37581,檃
37585,檇
37586,檉
37594,檔
37596,檛
37597,檜
37598,檝
37600,檟
37602,檢
37603,檣
37604,檥
37610,檮
37611,檯
37612,檳
37615,檸
37616,檻
37617,檾
37618,櫂
37619,櫃
37621,櫈
37622,櫍
37623,櫓
37624,櫚
37625,櫛
37627,櫝
37628,櫞
37629,櫟
37630,櫥
37631,櫧
37632,櫨
37633,櫪
37634,櫫
37635,櫬
37636,櫳
37637,櫸
37638,櫺
37639,櫻
37641,櫽
37644,欄
37645,權
37647,欏
37648,欐
37649,欑
37650,欒
37651,欓
37652,欖
37654,欛
37655,欝
37656,欞
37746,欬
37747,欱
37758,欵
37789,欽
37880,歎
37881,歐
37884,歗
37885,歘
37888,歛
37889,歟
37891,歡
37990,正经八摆
38126,歲
38127,歷
38128,歸
38166,死心踏地
38214,殀
38301,殘
38305,殞
38312,殢
38314,殤
38315,殨
38317,殫
38318,殭
38319,殮
38320,殯
38321,殲
38344,殺
38345,殻
38347,殽
38374,毆
38375,毉
38506,毘
38589,毧
38605,毬
38620,毿
38621,氂
38622,氄
38627,氈
38629,氊
38630,氌
38840,氣
38857,氫
38858,氬
39064,氷
39085,氾
39186,汎
39212,汙
39213,汚
39255,污七八糟
39313,決
39401,沍
39413,沖
39473,沙鱼
39761,況
39891,泝
40112,洋琴
40164,洗炼
40218,洩
40250,洶
40579,浩淼
40803,浹
40805,浿
40822,涇
40919,涖
40992,涵蓄
40996,涼
41010,淊
41028,淒
41044,淚
41045,淛
41079,淨
41080,淩
41081,淪
41167,淵
41168,淶
41188,混水摸鱼
41204,淺
41220,淼
41258,清彻
41402,減
41415,渢
41421,渦
41462,測
41548,渾
41553,湊
41554,湋
41555,湌
41591,湞
41597,湧
41605,湯
41608,湻
41609,湼
41618,湿渌渌
41642,溈
41655,源源本本
41657,準
41665,溜
41682,溝
41702,溮
41708,溳
41734,溼
41746,滄
41747,滅
41767,滌
41769,滎
41814,滙
41937,滬
41939,滯
41940,滲
41959,滷
41960,滸
41962,滻
41963,滾
41964,滿
41965,漁
41985,漂零
41999,漊
42001,漍
42054,漙
42055,漚
42061,漢
42062,漣
42097,漬
42103,漲
42110,漸
42116,漿
42117,潁
42118,潄
42129,潑
42131,潔
42132,潕
42135,潙
42136,潛
42173,潠
42176,潤
42204,潯
42205,潰
42212,潷
42223,潿
42224,澀
42225,澁
42227,澂
42231,澄彻
42239,澆
42240,澇
42243,澈底
42251,澐
42252,澒
42254,澗
42255,澘
42258,澠
42263,澣
42264,澤
42267,澦
42271,澫
42273,澮
42274,澱
42285,澹泊
42287,澹然
42290,澾
42308,激忿
42328,濁
42330,濃
42331,濆
42332,濇
42342,濔
42343,濕
42344,濘
42345,濚
42346,濛
42347,濜
42349,濟
42354,濤
42356,濫
42358,濬
42363,濰
42364,濱
42365,濶
42366,濺
42367,濼
42368,濾
42369,瀂
42370,瀅
42371,瀆
42372,瀉
42373,瀋
42377,瀏
42382,瀕
42383,瀘
42389,瀝
42390,瀟
42391,瀠
42393,瀦
42394,瀧
42395,瀨
42396,瀰
42398,瀲
42406,瀾
42407,灃
42408,灄
42411,灋
42430,灑
42431,灒
42432,灕
42433,灘
42434,灝
42436,灠
42437,灣
42438,灤
42439,灧
42440,灨
42448,火伴
42708,災
42793,炤
42794,炧
42899,為
42924,烂熳
42926,烂缦
42945,烏
42947,烖
43085,热中
43100,热呼
43101,热呼呼
43195,烱
43196,烴
43252,焠
43253,無
43278,焫
43295,煇
43296,煉
43307,煑
43308,煒
43311,煖
43312,煗
43313,煙
43330,煠
43331,煢
43397,煩
43398,煬
43420,熈
43436,熒
43449,熗
43511,熰
43512,熱
43513,熲
43521,熾
43522,燀
43523,燁
43541,燄
43542,燈
43543,燉
43551,燐
43552,燒
43565,燖
43566,燙
43568,燜
43569,營
43574,燦
43578,燬
43579,燭
43582,燴
43584,燻
43585,燼
43586,燾
43587,燿
43617,爍
43618,爐
43619,爓
43621,爕
43622,爗
43624,爛
43689,爲
43722,爺
43739,爾
43741,牀
43746,牆
43795,牋
43810,牎
43811,牐
43813,牓
43814,牕
43816,牘
43860,牛崽裤
43896,牠
43992,牴
44016,牵联
44102,牽
44113,犂
44118,犇
44130,犖
44131,犛
44135,犢
44136,犧
44201,狀
44294,狡滑
44303,狥
44352,独脚戏
44399,狹
44408,狼头
44421,狼籍
44423,狽
44426,猂
44456,猘
44506,猨
44569,猶
44575,猻
44580,獁
44581,獃
44582,獄
44583,獅
44586,獋
44588,獎
44589,獏
44596,獘
44599,獧
44600,獨
44601,獪
44602,獫
44607,獮
44610,獰
44611,獲
44613,獵
44614,獷
44615,獸
44616,獺
44617,獻
44618,獼
44620,玀
44621,玁
44639,玅
44763,玩艺儿
44927,珎
44985,班驳
44986,珮
44997,現
45073,琊
45084,琖
45109,琱
45122,琹
45123,琺
45128,琿
45136,瑇
45137,瑉
45140,瑋
45142,瑒
45165,瑠
45167,瑣
45170,瑩
45171,瑪
45174,瑯
45185,瑲
45187,瑴
45193,瑽
45204,璉
45205,璊
45211,璕
45212,璗
45219,璡
45220,璢
45221,璣
45223,璦
45230,璫
45233,環
45236,璵
45238,璽
45239,璿
45241,瓅
45242,瓈
45243,瓊
45244,瓌
45245,瓏
45247,瓔
45250,瓚
45251,瓛
45333,甆
45334,甌
45336,甎
45342,甕
45343,甖
45398,甞
45577,産
45580,甦
45635,甯
45718,申雪
45977,甽
45979,甿
45981,畂
45997,畆
46001,畊
46071,留连
46094,畝
46096,畢
46113,畧
46123,畫
46126,畮
46128,異
46129,畱
46134,當
46142,畼
46153,疇
46154,疊
46156,疋
46161,疎
46273,疯瘫
46277,疯颠
46288,疲塌
46328,疿
46410,痌
46414,痐
46427,痙
46460,痠
46485,痳疹
46488,痳风
46508,痺
46514,痾
46520,瘂
46531,瘉
46534,瘋
46538,瘍
46543,瘖
46553,瘜肉
46555,瘞
46563,瘡
46584,瘧
46597,瘮
46600,瘲
46608,瘺
46609,瘻
46617,療
46620,癅
46621,癆
46622,癇
46623,癈
46624,癉
46629,癒
46638,癘
46648,癟
46649,癡
46650,癢
46652,癤
46653,癥
46654,癧
46655,癩
46660,癬
46661,癭
46662,癮
46664,癰
46665,癱
46666,癲
46698,發
46804,白眼狼
46967,百页窗
46969,皁
47018,皐
47027,皚
47029,皜
47089,皰
47102,皷
47103,皸
47104,皺
47105,皻
47109,盃
47122,盇
47138,盋
47139,盌
47255,盘据
47268,盘石
47284,盘跚
47290,盘陁
47324,盞
47334,盡
47335,監
47336,盤
47342,盧
47343,盨
47345,盪
47436,直捷
47710,眎
47711,眘
47754,眡
47756,眥
47855,眽眽
47856,眾
47902,睍
47904,睏
47909,睒
47916,睞
47918,睠
47969,瞇
47998,瞖
47999,瞘
48000,瞜
48001,瞞
48008,瞤
48028,瞭
48038,瞷
48046,瞼
48050,矁
48051,矇
48054,矑
48055,矓
48058,矙
48059,矚
48201,矯
48259,矴
48381,砦
48397,砲
48455,破题第一遭
48478,硃
48512,硜
48520,硤
48521,硨
48602,硯
48603,硶
48607,碁
48650,碕
48681,碩
48682,碪
48684,碭
48719,碸
48721,確
48722,碻
48723,碼
48741,磁器
48782,磑
48794,磖
48797,磚
48799,磟
48801,磣
48802,磧
48821,磨拳擦掌
48824,磨擦
48842,磯
48854,磽
48855,磾
48860,礄
48862,礆
48865,礎
48866,礐
48869,礙
48872,礟
48875,礦
48876,礧
48877,礩
48878,礪
48879,礫
48880,礬
48881,礱
48989,祇
49005,祕
49029,祘
49212,禀承
49272,禍
49273,禎
49295,禕
49300,禡
49303,禦
49305,禨
49306,禩
49307,禪
49309,禮
49310,禰
49311,禱
49356,禼
49368,秀外惠中
49456,秈
49466,秊
49498,秌
49562,秔
49624,秪
49788,稈
49789,稉
49846,稜
49849,稟
49858,稨豆
49859,稬
49860,稭
49861,種
49862,稱
49884,稺
49902,稾
49915,穀
49919,穅
49922,穇
49923,穈
49924,穉
49926,穌
49927,積
49928,穎
49937,穠
49938,穡
49939,穢
49940,穤
49941,穨
49942,穩
49943,穫
49944,穭
50116,穽
50208,窓
50283,窩
50284,窪
50287,窮
50288,窯
50289,窰
50294,窵
50295,窶
50298,窺
50299,窻
50302,竄
50303,竅
50304,竇
50305,竈
50306,竊
50396,竚
50398,竝
50439,竢
50465,竪
50476,端五
50497,競
50521,竾
50588,笔划
50751,筆
50798,筍
50830,答覆
50833,答讪
50867,筞
50875,筦
50876,筧
50877,筩
50880,筯
50881,筰
50885,筴
50886,筴
50908,筹马
50963,简炼
50984,箇
50985,箋
50987,箎
50990,箒
51019,箝
51020,箠
51087,箲
51091,箷
51093,節
51095,範
51107,築
51108,篋
51113,篔
51114,篘
51119,篛
51122,篠
51129,篢
51130,篤
51135,篩
51151,篲
51152,篳
51156,篸
51157,篹
51167,簀
51169,簆
51178,簍
51181,簑
51182,簒
51187,簙
51189,簞
51192,簡
51193,簣
51198,簩
51201,簫
51202,簮
51204,簴
51205,簷
51213,簹
51214,簻
51215,簽
51216,簾
51225,籃
51226,籆
51227,籋
51228,籌
51232,籐
51233,籑
51234,籑
51235,籑
51236,籙
51237,籛
51238,籜
51240,籟
51241,籠
51242,籢
51243,籣
51244,籤
51246,籥
51249,籨
51250,籩
51251,籪
51252,籬
51253,籮
51254,籯
51256,籲
51281,籸
51304,粃
51305,粇
51351,粗卤
51413,粦
51414,粧
51421,粬
51433,粯
51434,粰
51530,精采
51544,糉
51598,糜费
51599,糝
51600,糞
51615,糡
51616,糧
51624,糰
51625,糱
51626,糲
51627,糴
51629,糶
51630,糺
51645,糾
51646,紀
51647,紂
51648,紃
51649,約
51650,紅
51651,紆
51652,紇
51653,紈
51654,紉
51657,紋
51658,納
51659,紐
51660,紓
51661,純
51662,紕
51663,紖
51664,紗
51665,紘
51666,紙
51667,級
51668,紛
51669,紜
51670,紝
51671,紞
51672,紟
51701,紡
51721,紥
51741,紩
51763,紬
51764,紮
51773,累坠
51787,細
51788,紱
51789,紲
51790,紳
51791,紵
51792,紹
51793,紺
51794,紼
51795,紾
51796,紿
51797,絀
51798,絁
51799,終
51800,絃
51801,組
51802,絅
51803,絆
51804,絍
51805,絎
51806,絏
51807,結
51808,絓
51809,絖
51810,絚
51811,絛
51814,絜
51815,絝
51816,絞
51817,絡
51818,絢
51819,給
51820,絨
51821,絪
51831,絰
51832,統
51833,絲
51834,絳
51835,絶
51837,絸
51838,絸
51839,絹
51840,絺
51841,綁
51842,綃
51843,綄
51844,綆
51845,綈
51846,綉
51847,綌
51848,綎
51849,綏
51850,綑
51851,經
51852,綖
51853,綜
51854,綝
51855,綟
51856,綡
51857,綢
51858,綣
51860,綧
51861,綪
51862,綫
51863,綬
51864,維
51867,綯
51868,綰
51869,綱
51870,網
51871,綳
51872,綴
51873,綵
51874,綷
51875,綸
51876,綹
51877,綺
51878,綻
51879,綽
51880,綾
51881,綿
51882,緄
51883,緅
51884,緇
51885,緉
51886,緊
51887,緋
51888,緌
51889,緍
51890,緑
51891,緒
51892,緔
51893,緗
51894,緘
51895,緙
51896,線
51897,線
51898,緜
51899,緝
51900,緞
51901,締
51902,緡
51903,緣
51904,緤
51905,緥
51906,緦
51907,編
51908,緩
51909,緪
51910,緬
51911,緯
51912,緱
51913,緲
51914,練
51915,緶
51916,緹
51917,緺
51918,緻
51919,緼
51920,縂
51921,縆
51922,縈
51923,縉
51924,縊
51925,縋
51926,縏
51927,縐
51928,縑
51929,縗
51930,縚
51931,縛
51932,縝
51933,縞
51934,縟
51937,縣
51938,縧
51939,縩
51940,縫
51941,縭
51942,縮
51943,縯
51944,縱
51945,縲
51946,縴
51947,縵
51948,縶
51949,縷
51950,縹
51952,總
51953,績
51989,繃
51991,繅
51992,繆
51996,繐
51997,繒
51998,織
51999,繕
52000,繖
52001,繙
52002,繙
52003,繚
52004,繞
52005,繠
52006,繡
52007,繢
52008,繦
52009,繨
52010,繩
52011,繪
52012,繫
52013,繭
52014,繮
52015,繯
52016,繰
52017,繳
52018,繶
52019,繹
52020,繻
52021,繼
52022,繽
52023,繾
52024,纁
52027,纆
52028,纇
52029,纈
52030,纊
52031,續
52032,纍
52033,纏
52034,纑
52035,纓
52036,纔
52037,纕
52038,纕
52039,纖
52040,纘
52041,纚
52043,纜
52214,纨袴
52984,绵联
53176,编者案
53326,缽
53327,缾
53331,罃
53338,罆
53339,罇
53340,罈
53341,罋
53342,罌
53344,罎
53345,罏
53425,罗圈揖
53426,罗圈腿
53535,罰
53543,罵
53545,罷
53546,罸
53560,羅
53561,羆
53562,羈
53576,羊肚手巾
53652,羗
53683,羢
53684,羣
53721,羥
53724,羨
53725,義
53734,羴
53735,羶
53764,翄
53780,習
53820,翫
53821,翬
53832,翹
53833,翺
53901,翽
53955,老头鱼
54150,耈
54199,耑
54232,耡
54245,耬
54246,耮
54331,耼
54335,耽心
54337,耽忧
54419,联接
54430,联绵
54434,联缀
54442,联贯
54449,聖
54489,聝
54490,聞
54498,聯
54499,聰
54501,聲
54502,聳
54503,聵
54504,聶
54505,職
54506,聹
54507,聼
54508,聽
54509,聾
54521,肅
54537,肈
54577,肊
54590,肎
54592,肐
54633,肝颤
54654,股分
54716,肧
54717,肨
54731,肬
54954,胞子
54979,胡涂
54983,胡臭
55014,胮
55037,胳膊肘朝外拐胳膊肘儿朝外拐
55064,胷
55128,脂麻
55129,脃
55130,脄
55131,脅
55141,脇
55142,脈
55235,脗
55258,脚根
55271,脚色
55287,脚门
55290,脛
55296,脣
55301,脩
55383,脹
55384,脺
55412,腎
55448,腖
55454,腡
55462,腦
55467,腫
55495,腳
55499,腸
55558,膁
55561,膆
55566,膋
55581,膓
55582,膕
55588,膚
55596,膞
55597,膠
55598,膢
55606,膩
55622,膽
55623,膾
55624,膿
55648,臈
55649,臉
55653,臋
55656,臍
55657,臏
55659,臕
55660,臘
55661,臙
55662,臚
55665,臝
55667,臟
55668,臠
55669,臢
55675,臥
55678,臨
55733,自各儿
55934,臯
55975,臺
55999,與
56000,興
56001,舉
56002,舊
56058,舖
56059,舘
56065,舝
56097,舢舨
56101,舩
56211,艙
56215,艢
56216,艣
56217,艤
56218,艦
56221,艪
56222,艫
56259,艱
56300,艷
56301,艸
56575,花着儿
56633,芲
56649,芶
56661,芻
56859,苧
56906,苺
56931,茄克
56966,茘
56998,茲
57068,荅
57147,荍
57316,荳
57343,莊
57349,莕
57350,莖
57368,莢
57369,莧
57460,菉豆
57471,菓
57527,菢
57535,華
57548,菴
57551,菸
57560,菾菜
57568,萇
57569,萊
57592,萝
57639,萧洒
57653,萬
57657,萲
57659,萵
57665,萹豆
57712,落漠
57725,落腮胡子
57734,落莫
57744,葅
57747,葉
57752,葒
57778,葠
57791,葤
57792,葦
57811,葱心绿
57829,葷
57842,蒍
57846,蒐
57847,蒓
57848,蒔
57894,蒞
57943,蒺蔾
57946,蒼
57951,蓀
57966,蓆
57973,蓋
57984,蓚
58000,蓝缕
58012,蓡
58019,蓧
58034,蓮
58035,蓯
58037,蓱
58038,蓴
58044,蓽
58049,蔄
58050,蔆
58068,蔔
58069,蔕
58080,蔞
58084,蔣
58085,蔥
58086,蔦
58096,蔭
58097,蔴
58115,蔾
58116,蔿
58117,蕁
58123,蕃衍
58124,蕅
58125,蕆
58131,蕉萃
58133,蕋
58134,蕎
58135,蕒
58136,蕓
58137,蕕
58141,蕘
58144,蕚
58147,蕢
58151,蕩
58152,蕪
58153,蕭
58166,蕷
58176,蕿
58206,薆
58208,薈
58209,薊
58210,薋
58211,薌
58217,薑
58218,薔
58219,薘
58221,薙
58225,薟
58228,薦
58230,薩
58249,薴
58254,薺
58261,藉
58264,藊豆
58265,藍
58266,藎
58318,藝
58331,藥
58341,藪
58342,藭
58343,藴
58344,藶
58345,藷
58346,藹
58347,藺
58353,藼
58356,蘀
58357,蘂
58358,蘄
58360,蘆
58361,蘇
58362,蘋
58363,蘋
58364,蘐
58369,蘓
58371,蘗
58374,蘚
58375,蘞
58376,蘡
58377,蘢
58378,蘤
58382,蘭
58386,蘺
58389,蘿
58390,虆
58391,虉
58425,虎魄
58441,處
58499,虜
58503,號
58508,虧
58528,虯
58531,虵
58564,虾蟆
58583,蚂蜂
58617,蚘
58626,蚦
58700,蛕
58745,蛺
58778,蜆
58786,蜋
58798,蜖
58844,蜨
58854,蜹
58856,蜺
58861,蜽
58866,蝀
58868,蝃
58871,蝄𮔊
58889,蝕
58897,蝜
58898,蝟
58901,蝡
58908,蝦
58909,蝨
58912,蝯
58915,蝱
58925,蝸
58938,螄
58956,螘
58957,螙
58958,螞
58963,螡
58964,螢
58974,螮
59009,螻
59013,螿
59015,蟁
59016,蟄
59018,蟇
59019,蟈
59024,蟎
59032,蟘
59037,蟠曲
59039,蟠根错节
59042,蟠踞
59045,蟣
59050,蟬
59052,蟯
59053,蟲
59054,蟶
59055,蟷
59061,蟻
59069,蠅
59070,蠆
59073,蠍
59074,蠏
59075,蠐
59076,蠑
59077,蠒
59080,蠔
59086,蠙
59090,蠟
59107,蠣
59108,蠧
59109,蠨
59110,蠭
59111,蠱
59117,蠶
59118,蠷
59123,蠻
59197,衂
59202,衆
59203,衇
59204,衊
59324,衒
59325,術
59335,衕
59337,衖
59355,街面上
59357,衘
59362,衚
59363,衚衕
59364,衚衕
59365,衛
59366,衝
59367,衞
59390,衣著
59392,衣衿
59456,补钉
59458,补靪
59551,衹
59552,衺
59595,袞
59596,袟
59597,袠
59639,袴
59640,袵
59642,袷
59647,裀
59697,装璜
59722,裊
59725,裌
59728,裏
59747,補
59748,裝
59750,裠
59751,裡
59773,裩
59779,裲
59811,製
59815,褃
59816,複
59820,褌
59822,褏
59838,褓姆
59840,褘
59859,褧
59866,褭
59870,褲
59871,褳
59874,褵
59878,褸
59879,褻
59881,襀
59884,襃
59890,襇
59891,襌
59892,襍
59893,襏
59895,襖
59899,襝
59904,襠
59905,襢
59906,襤
59908,襪
59910,襬
59911,襭
59913,襯
59914,襲
59915,襴
59916,襵
60009,要末
60039,覆信
60051,覇
60052,覈
60053,覊
60054,見
60055,覎
60056,規
60057,覓
60058,覔
60059,視
60060,覗
60061,覘
60062,覜
60063,覡
60064,覥
60065,覦
60066,覩
60067,親
60068,覬
60069,覯
60070,覰
60071,覲
60072,覵
60073,覷
60074,覺
60075,覻
60076,覼
60077,覽
60078,覿
60079,觀
60181,规戒
60277,觔
60278,觔
60279,觕
60284,觝
60285,觝
60389,觧
60398,觴
60399,觶
60400,觸
60445,訂
60446,訃
60450,計
60451,訊
60452,訌
60453,討
60454,訏
60455,訐
60456,訑
60457,訒
60458,訓
60459,訕
60460,訖
60461,託
60462,記
60465,訛
60466,訝
60467,訟
60468,訢
60469,訢
60470,訣
60471,訥
60472,訦
60473,訩
60474,訪
60475,設
60476,許
60477,訴
60478,訶
60479,訸
60480,診
60481,註
60485,詁
60486,詆
60489,詎
60490,詐
60491,詑
60492,詒
60493,詔
60494,評
60495,詖
60496,詗
60497,詘
60498,詛
60499,詝
60500,詞
60502,詠
60503,詡
60504,詢
60505,詣
60506,試
60507,詧
60508,詩
60509,詪
60510,詫
60511,詬
60512,詭
60513,詮
60514,詰
60515,話
60516,該
60517,詳
60518,詵
60519,詶
60520,詷
60522,詼
60523,詾
60524,詿
60525,誄
60526,誅
60527,誆
60528,誇
60535,誌
60536,認
60537,誑
60538,誒
60547,誕
60548,誖
60549,誘
60550,誚
60551,語
60552,誠
60553,誡
60554,誣
60555,誤
60556,誥
60557,誦
60558,誨
60559,説
60560,誰
60561,課
60562,誶
60563,誹
60564,誼
60565,誾
60566,調
60567,諂
60568,諄
60569,談
60570,諉
60571,請
60572,諍
60573,諏
60574,諐
60575,諑
60576,諒
60577,諓
60578,諔
60579,論
60580,諗
60581,諛
60582,諜
60583,諝
60584,諞
60585,諟
60586,諠
60587,諡
60588,諢
60589,諤
60590,諦
60591,諧
60592,諫
60593,諭
60594,諮
60595,諱
60596,諲
60597,諳
60598,諴
60599,諶
60600,諷
60601,諸
60602,諺
60603,諼
60604,諾
60605,謀
60606,謁
60607,謂
60608,謄
60609,謅
60611,謊
60612,謌
60613,謎
60614,謏
60615,謐
60616,謔
60617,謖
60618,謗
60619,謙
60620,謚
60621,講
60622,謝
60623,謡
60626,謨
60627,謩
60628,謫
60629,謬
60630,謭
60631,謳
60633,謹
60634,謼
60635,謾
60636,謿
60637,譁
60638,譆
60639,證
60640,證
60641,譊
60642,譌
60645,譎
60646,譏
60647,譓
60648,譔
60649,譖
60650,識
60651,譙
60652,譚
60653,譜
60654,譞
60655,譟
60703,譫
60708,譭
60709,譯
60710,議
60711,譴
60712,護
60713,譸
60714,譽
60715,譾
60716,讀
60717,讁
60718,讅
60719,讆
60720,變
60721,讋
60722,讌
60723,讎
60724,讎
60725,讐
60726,讐
60727,讒
60728,讓
60729,讔
60730,讕
60731,讖
60732,讙
60733,讙
60734,讚
60735,讛
60736,讜
60737,讞
60738,讟
60752,计画
60868,训戒
60928,记念
61805,谋画
61978,谿
61991,豁拳
62010,豆瓣酱
62038,豈
62042,豎
62043,豐
62044,豓
62045,豔
62048,豘
62099,豫备
62100,豬
62105,豶
62130,貍
62131,貐
62132,貓
62138,貙
62139,貛
62140,貝
62141,貞
62142,貟
62143,負
62144,財
62145,貢
62146,貤
62147,貧
62148,貨
62149,販
62150,貪
62151,貫
62152,責
62153,貯
62154,貰
62155,貲
62156,貲
62157,貳
62158,貴
62159,貶
62160,買
62161,貸
62162,貺
62163,費
62164,貼
62165,貽
62166,貿
62167,賀
62168,賁
62169,賂
62170,賃
62171,賄
62172,賅
62173,資
62174,賈
62175,賉
62176,賊
62177,賑
62178,賒
62179,賓
62180,賔
62181,賕
62182,賙
62183,賚
62184,賛
62185,賜
62186,賞
62187,賠
62188,賡
62189,賢
62190,賣
62191,賤
62192,賦
62193,賧
62194,賨
62195,質
62196,賫
62197,賬
62198,賭
62199,賮
62200,賴
62201,賵
62202,賷
62203,賸
62204,賺
62205,賻
62206,購
62207,賽
62208,賾
62209,贄
62210,贅
62211,贇
62212,贈
62213,贉
62214,贊
62215,贋
62216,贍
62217,贏
62218,贐
62219,贑
62220,贓
62221,贔
62222,贖
62223,贗
62224,贛
62225,贜
62257,负嵎顽抗
62355,贤慧
62558,贰心
62786,赐与
62893,赢余
62947,赬
63171,趁心
63178,趂
63291,趕
63292,趙
63302,趦
63303,趨
63306,趲
63349,跀
63378,跌交
63388,跌荡
63409,跑堂的
63438,跕
63476,跡
63477,跢
63480,跥
63593,跴
63611,跼
63612,跼促
63614,踁
63623,踉𬧀
63627,踌蹰
63645,踐
63656,踡
63678,踫
63684,踰
63685,踰
63688,踴
63702,蹀血
63725,蹌
63728,蹏
63741,蹓跶
63742,蹔
63743,蹕
63752,蹟
63753,蹠
63754,蹡
63758,蹣
63759,蹤
63767,蹦蹦戏
63790,蹵
63794,蹷
63795,蹺
63796,蹻
63797,蹻
63798,蹻
63811,躂
63812,躃
63817,躉
63818,躊
63819,躋
63820,躍
63824,躑
63825,躒
63826,躓
63828,躕
63829,躗
63830,躚
63834,躡
63835,躥
63836,躦
63837,躪
63880,躭
63885,躰
63886,躱
63896,躳
63897,躶
63902,軀
63903,軃
63904,車
63905,軋
63906,軌
63907,軍
63908,軏
63909,軑
63910,軒
63911,軔
63912,軛
63913,軝
63914,軟
63915,軤
63916,軫
63917,軱
63918,軲
63919,軸
63920,軹
63921,軺
63922,軻
63923,軼
63924,軾
63925,輀
63926,較
63927,輄
63928,輅
63929,輇
63930,輈
63931,載
63932,輊
63933,輋
63934,輒
63935,輓
63936,輔
63937,輕
63938,輗
63939,輙
63940,輛
63941,輜
63942,輝
63943,輞
63944,輟
63945,輥
63946,輦
63947,輨
63948,輩
63949,輪
63950,輬
63951,輭
63952,輮
63953,輯
63954,輳
63955,輴
63956,輶
63957,輸
63958,輻
63959,輼
63960,輾
63961,輿
63962,轂
63963,轄
63964,轅
63965,轆
63966,轇
63967,轉
63968,轍
63969,轎
63970,轔
63971,轕
63972,轗
63973,轘
63974,轟
63975,轡
63976,轢
63977,轤
64025,车箱
64143,转游
64537,辠
64538,辢
64547,辤
64548,辦
64589,辭
64590,辮
64591,辯
64603,農
64604,辳
64605,辴
64695,迆
64982,这末
65141,连结
65148,连翩
65152,连袂
65220,迯
65229,迴
65270,迺
65271,迻
65475,逈
65537,透心凉
65547,透澈
65587,逕
65588,逕
65601,逗遛
65603,這
65791,連
65792,逥
65794,逩
65801,週
65802,進
65807,逷
65867,遉
65868,遊
65869,運
65878,過
65944,達
65945,違
66015,遜
66017,遞
66018,遠
66019,遡
66040,適
66068,遯
66069,遲
66079,遶
66080,遷
66081,選
66083,遺
66084,遼
66118,邁
66123,還
66125,邇
66128,邊
66131,邏
66132,邐
66160,那末
66170,邨
66294,郟
66321,郰
66322,郳
66324,郵
66343,鄆
66344,鄉
66348,鄒
66349,鄔
66350,鄖
66372,鄧
66373,鄩
66375,鄭
66376,鄮
66378,鄰
66380,鄲
66381,鄳
66382,鄴
66383,鄶
66385,鄺
66395,酇
66396,酈
66507,酖
66540,酦酵
66541,酧
66621,醃
66624,醆
66673,醕
66674,醖
66678,醜
66681,醣
66685,醫
66686,醬
66691,醱
66692,醲
66696,醻
66697,醼
66701,醿
66702,釀
66703,釁
66704,釃
66705,釄
66706,釅
66761,釋
66967,釐
66968,釐
67073,釓
67074,釔
67075,釕
67076,釗
67077,釘
67078,釙
67082,針
67083,釣
67084,釤
67085,釦
67086,釧
67087,釩
67088,釬
67089,釴
67090,釵
67091,釷
67092,釹
67093,釺
67094,釽
67095,鈀
67096,鈁
67097,鈃
67098,鈄
67099,鈇
67100,鈈
67101,鈉
67102,鈍
67103,鈎
67104,鈐
67105,鈑
67106,鈔
67107,鈕
67108,鈚
67109,鈞
67110,鈣
67111,鈥
67112,鈦
67113,鈧
67114,鈮
67115,鈰
67116,鈴
67117,鈷
67118,鈸
67119,鈹
67120,鈺
67121,鈾
67122,鈿
67123,鉀
67124,鉅
67125,鉅
67126,鉈
67127,鉉
67128,鉊
67129,鉋
67130,鉍
67131,鉏
67132,鉏
67133,鉑
67134,鉕
67135,鉗
67136,鉚
67137,鉛
67138,鉝
67139,鉞
67140,鉢
67141,鉤
67142,鉥
67143,鉦
67144,鉧
67145,鉨
67146,鉬
67147,鉭
67148,鉮
67159,鉶
67160,鉷
67161,鉸
67162,鉺
67163,鉻
67164,鉿
67165,銀
67166,銃
67167,銅
67168,銈
67169,銍
67171,銑
67172,銓
67173,銕
67174,銖
67175,銗
67176,銘
67177,銚
67178,銛
67179,銜
67180,銠
67181,銣
67182,銥
67183,銦
67184,銨
67185,銩
67186,銪
67187,銫
67188,銬
67193,銱
67194,銲
67195,銶
67196,銷
67197,銹
67198,銻
67199,銼
67200,鋁
67201,鋃
67202,鋅
67204,鋇
67206,鋋
67207,鋌
67208,鋏
67209,鋐
67210,鋒
67211,鋗
67212,鋙
67213,鋜
67214,鋝
67215,鋟
67216,鋣
67217,鋤
67218,鋥
67219,鋦
67220,鋨
67221,鋩
67222,鋪
67224,鋭
67225,鋮
67226,鋯
67227,鋰
67228,鋱
67229,鋶
67230,鋸
67231,鋹
67232,鋼
67233,錀
67234,錁
67235,錆
67236,錇
67237,錈
67238,錍
67239,錐
67240,錒
67241,錕
67242,錘
67243,錙
67244,錚
67245,錛
67246,錞
67247,錟
67248,錠
67249,錡
67250,錢
67251,錣
67252,錤
67253,錦
67254,錧
67255,錨
67256,錫
67257,錮
67258,錯
67259,録
67260,錳
67261,錶
67262,錸
67266,鍀
67267,鍁
67268,鍃
67269,鍆
67270,鍇
67271,鍈
67272,鍊
67273,鍊
67274,鍋
67275,鍍
67276,鍔
67277,鍘
67278,鍚
67279,鍛
67280,鍠
67281,鍤
67282,鍥
67283,鍩
67285,鍫
67286,鍬
67287,鍰
67288,鍳
67289,鍵
67290,鍶
67291,鍺
67292,鍼
67293,鍾
67294,鍾
67295,鎂
67296,鎄
67297,鎇
67298,鎊
67299,鎋
67300,鎌
67302,鎒
67303,鎓
67304,鎔
67305,鎖
67306,鎗
67307,鎘
67308,鎚
67309,鎛
67310,鎝
67311,鎞
67312,鎡
67313,鎢
67314,鎣
67315,鎦
67316,鎧
67317,鎩
67318,鎪
67319,鎬
67320,鎮
67321,鎯
67322,鎰
67323,鎳
67324,鎵
67325,鎶
67326,鎸
67327,鎻
67328,鎿
67329,鏁
67330,鏃
67331,鏇
67332,鏈
67335,鏌
67336,鏏
67337,鏐
67338,鏑
67341,鏗
67342,鏘
67343,鏚
67344,鏜
67345,鏝
67346,鏞
67347,鏟
67348,鏡
67349,鏢
67350,鏤
67351,鏦
67352,鏨
67353,鏰
67354,鏵
67355,鏷
67356,鏹
67357,鏺
67358,鏻
67359,鏽
67360,鐃
67361,鐄
67362,鐇
67363,鐋
67364,鐍
67365,鐏
67366,鐐
67367,鐒
67368,鐓
67369,鐔
67370,鐘
67371,鐙
67372,鐝
67373,鐠
67374,鐥
67375,鐦
67376,鐧
67377,鐨
67378,鐩
67379,鐫
67380,鐮
67381,鐯
67382,鐲
67383,鐳
67384,鐵
67385,鐶
67386,鐸
67387,鐺
67388,鐻
67389,鐽
67391,鐿
67392,鑄
67393,鑊
67394,鑌
67395,鑑
67396,鑒
67397,鑔
67398,鑕
67399,鑚
67400,鑛
67401,鑞
67402,鑠
67403,鑢
67404,鑣
67405,鑤
67406,鑥
67407,鑪
67408,鑪
67410,鑭
67411,鑰
67412,鑱
67413,鑲
67414,鑵
67415,鑷
67416,鑹
67417,鑼
67418,鑽
67419,鑾
67420,鑿
67421,钁
67422,钂
67432,针尖对麦芒儿
68019,锋铓
68300,長
68412,門
68413,閂
68414,閃
68415,閆
68416,閈
68417,閉
68418,開
68419,閌
68420,閎
68421,閏
68422,閑
68423,閒
68424,閒
68425,間
68426,閔
68427,閘
68428,閙
68429,閟
68430,閡
68431,関
68432,閣
68433,閤
68434,閤
68435,閤
68436,閥
68437,閧
68438,閨
68439,閩
68440,閫
68441,閬
68442,閭
68443,閲
68444,閶
68445,閹
68446,閻
68447,閼
68448,閽
68449,閾
68450,閿
68451,闃
68452,闇
68453,闈
68454,闉
68455,闊
68456,闋
68457,闌
68458,闍
68459,闐
68460,闑
68461,闒
68462,闓
68463,闔
68464,闕
68465,闖
68466,闚
68467,關
68468,闝
68469,闞
68470,闠
68471,闡
68472,闢
68473,闤
68474,闥
68486,门坎
68870,阔老
68903,阨
68905,阬
68908,阯
69295,陒
69299,陗
69300,陘
69303,陝
69305,陞
69324,陣
69406,陰
69408,陳
69445,陸
69446,陻
69447,陽
69448,陿
69449,隂
69451,隄
69465,隉
69466,隊
69469,階
69559,隑
69586,隕
69587,隖
69596,際
69604,隤
69608,隨
69611,險
69612,隮
69614,隱
69616,隴
69622,隷
69623,隸
69626,隻
69736,雅片
69809,雋
69848,雖
69850,雙
69851,雛
69852,雜
69853,雝
69854,雞
69856,離
69857,難
69925,雰
69928,雲
69932,零丁
69991,電
70053,霑
70059,霛
70073,霢
70074,霤
70075,霧
70079,霪雨
70115,霶
70135,霽
70137,靂
70138,靄
70139,靆
70140,靈
70141,靉
70240,靚
70305,靠边站
70404,靣
70406,靦
70407,靧
70408,靨
70422,靭
70425,靱
70449,鞀
70453,鞉
70463,鞌
70471,鞏
70482,鞝
70495,鞦
70496,鞦韆
70520,鞵
70522,鞹
70523,鞽
70524,鞾
70525,鞿
70526,韁
70528,韃
70529,韆
70530,韈
70531,韉
70532,韋
70533,韌
70534,韍
70535,韓
70536,韔
70537,韗
70538,韙
70539,韛
70540,韜
70541,韞
70542,韠
70543,韡
70544,韤
70564,韮
70635,韻
70636,響
70637,頁
70638,頂
70639,頃
70640,項
70641,順
70642,頇
70643,須
70644,頊
70645,頌
70646,頍
70647,頎
70648,頏
70649,預
70650,頑
70651,頒
70652,頓
70653,頔
70654,頗
70655,領
70656,頜
70657,頞
70658,頟
70659,頠
70660,頡
70661,頤
70662,頦
70663,頫
70664,頫
70665,頭
70666,頰
70667,頲
70668,頴
70669,頵
70670,頷
70671,頸
70672,頹
70673,頻
70674,頼
70675,顆
70676,顇
70677,顋
70678,題
70679,額
70680,顎
70681,顏
70682,顑
70683,顒
70684,顓
70685,顖
70686,顗
70687,願
70688,顙
70689,顛
70690,類
70691,顢
70692,顣
70693,顥
70694,顦
70695,顧
70696,顫
70697,顬
70698,顯
70699,顰
70700,顱
70701,顳
70702,顴
70904,预会
70952,预闻
71148,颤栗
71157,風
71158,颭
71159,颮
71160,颯
71161,颱
71162,颳
71163,颶
71164,颸
71165,颺
71166,颺
71167,颻
71168,颼
71169,颿
71170,飀
71171,飃
71172,飄
71173,飆
71174,飇
71175,飈
71344,飘泊
71347,飘流
71364,飘飖
71375,飛
71376,飜
71487,飡
71488,飢
71489,飣
71490,飤
71491,飥
71492,飦
71495,飩
71496,飪
71497,飫
71498,飭
71499,飯
71500,飱
71501,飲
71502,飴
71503,飼
71504,飽
71505,飾
71506,飿
71507,餁
71508,餂
71509,餃
71510,餄
71511,餅
71512,餈
71513,餉
71514,養
71515,餌
71518,餎
71519,餏
71536,餑
71537,餒
71538,餓
71539,餔
71540,餕
71541,餖
71542,餗
71543,餘
71544,餘
71545,餚
71546,餛
71547,餜
71548,餞
71549,餡
71550,餦
71551,餧
71552,館
71553,餬
71554,餭
71556,餱
71557,餳
71558,餵
71559,餶
71560,餷
71561,餹
71562,餺
71563,餻
71564,餼
71565,餽
71566,餾
71567,餿
71568,饁
71569,饃
71570,饅
71571,饆
71572,饈
71573,饉
71574,饊
71575,饋
71576,饌
71577,饍
71578,饐
71579,饑
71580,饒
71585,饗
71586,饘
71587,饜
71588,饝
71589,饞
71590,饟
71591,饠
71592,饢
71775,首坐
71841,香纯
71849,香菰
71867,馬
71868,馭
71869,馮
71870,馱
71871,馳
71872,馴
71873,馹
71874,馼
71875,駁
71876,駃
71877,駈
71878,駉
71879,駐
71880,駑
71881,駒
71882,駓
71883,駔
71884,駕
71885,駘
71886,駙
71887,駛
71888,駜
71889,駝
71890,駞
71891,駟
71892,駡
71893,駢
71894,駪
71895,駬
71896,駭
71897,駮
71898,駰
71899,駱
71900,駸
71901,駼
71902,駿
71903,騁
71904,騂
71905,騃
71906,騅
71907,騊
71908,騌
71909,騍
71910,騎
71911,騏
71912,騐
71913,騑
71914,騖
71915,騗
71916,騙
71917,騞
71918,騠
71919,騣
71920,騤
71921,騧
71922,騫
71923,騭
71924,騮
71925,騰
71926,騱
71927,騲
71928,騵
71929,騶
71930,騷
71931,騸
71932,騻
71933,騾
71934,驀
71935,驁
71936,驂
71937,驃
71938,驄
71939,驅
71940,驊
71941,驌
71942,驍
71943,驎
71944,驏
71945,驐
71946,驕
71947,驗
71948,驘
71949,驚
71950,驛
71951,驟
71952,驢
71953,驤
71954,驥
71955,驦
71956,驩
71957,驩
71958,驪
71959,驫
71976,马劄
72013,马糊
72166,驾御
72199,骄奢淫佚
72335,骨瘦如豺
72343,骨董
72357,骯
72371,骽
72372,骾
72383,髈
72389,髏
72392,髒
72394,體
72395,髕
72396,髖
72556,高跟鞋
72574,髠
72578,髣
72579,髣髴
72580,髣髴
72581,髤
72582,髥
72585,髩
72590,髮
72595,髴
72601,鬀
72607,鬆
72611,鬉
72614,鬍
72623,鬓脚
72627,鬚
72629,鬡
72630,鬢
72634,鬥
72635,鬦
72636,鬧
72637,鬨
72638,鬩
72639,鬪
72640,鬭
72641,鬮
72644,鬰
72645,鬱
72651,鬹
72656,鬼哭狼嗥
72709,魊
72711,魌
72714,魎
72736,魔难
72740,魘
72741,魚
72742,魛
72743,魟
72744,魢
72745,魨
72746,魯
72747,魴
72748,魷
72749,鮀
72750,鮁
72751,鮃
72752,鮄
72753,鮆
72754,鮈
72755,鮊
72756,鮋
72757,鮌
72758,鮍
72759,鮎
72760,鮐
72761,鮑
72762,鮒
72763,鮓
72764,鮚
72765,鮜
72766,鮝
72767,鮞
72768,鮟
72769,鮠
72770,鮡
72771,鮣
72772,鮦
72773,鮨
72774,鮪
72775,鮫
72776,鮭
72777,鮮
72778,鮰
72779,鮶
72780,鮷
72781,鮸
72782,鮺
72783,鯀
72784,鯁
72785,鯇
72786,鯈
72787,鯉
72788,鯊
72789,鯒
72790,鯔
72791,鯕
72792,鯖
72793,鯗
72794,鯛
72795,鯝
72796,鯡
72797,鯢
72798,鯤
72799,鯧
72800,鯨
72801,鯪
72802,鯫
72803,鯴
72804,鯷
72805,鯻
72806,鯽
72807,鯾
72808,鯿
72809,鰁
72810,鰂
72811,鰃
72812,鰆
72813,鰇
72814,鰈
72815,鰉
72816,鰊
72817,鰌
72818,鰌
72819,鰍
72820,鰏
72821,鰐
72822,鰒
72823,鰓
72824,鰕
72825,鰛
72826,鰜
72827,鰟
72828,鰣
72829,鰤
72830,鰥
72831,鰧
72832,鰨
72833,鰩
72834,鰭
72835,鰱
72836,鰲
72837,鰳
72838,鰵
72839,鰶
72840,鰷
72841,鰹
72842,鰺
72843,鰻
72844,鰼
72845,鰾
72846,鱀
72847,鱂
72848,鱅
72849,鱇
72850,鱈
72851,鱉
72852,鱍
72853,鱏
72854,鱒
72855,鱓
72856,鱔
72857,鱖
72858,鱗
72859,鱘
72860,鱚
72861,鱝
72862,鱟
72863,鱠
72864,鱣
72865,鱤
72866,鱥
72867,鱧
72868,鱨
72869,鱭
72870,鱮
72871,鱯
72872,鱲
72873,鱵
72874,鱷
72875,鱸
72876,鱺
72877,鱻
72880,鱼具
72900,鱼网
73001,鲠直
73030,鲶
73099,鳥
73100,鳧
73101,鳩
73102,鳬
73103,鳲
73104,鳳
73105,鳴
73106,鳶
73107,鳾
73108,鴂
73109,鴃
73110,鴆
73111,鴇
73112,鴈
73113,鴉
73114,鴒
73115,鴕
73116,鴛
73117,鴝
73118,鴞
73119,鴟
73120,鴣
73121,鴥
73122,鴦
73123,鴨
73124,鴯
73125,鴰
73126,鴳
73127,鴴
73128,鴷
73129,鴻
73130,鴿
73131,鵁
73132,鵂
73133,鵃
73134,鵄
73135,鵏
73136,鵐
73137,鵑
73138,鵒
73139,鵓
73140,鵜
73141,鵝
73142,鵞
73143,鵟
73144,鵠
73145,鵡
73146,鵩
73147,鵪
73148,鵬
73149,鵮
73150,鵯
73151,鵰
73152,鵲
73153,鵶
73154,鵷
73155,鵹
73156,鵾
73157,鶂
73158,鶃
73159,鶄
73160,鶆
73161,鶇
73162,鶉
73163,鶊
73164,鶒
73165,鶓
73166,鶖
73167,鶗
73168,鶘
73169,鶚
73170,鶠
73171,鶡
73172,鶤
73173,鶥
73174,鶩
73175,鶪
73176,鶬
73177,鶯
73178,鶱
73179,鶲
73180,鶴
73181,鶵
73182,鶹
73183,鶺
73184,鶻
73185,鶼
73186,鶿
73187,鷀
73188,鷁
73189,鷂
73190,鷃
73191,鷄
73192,鷇
73193,鷉
73194,鷊
73195,鷓
73196,鷖
73197,鷗
73198,鷙
73199,鷚
73200,鷞
73201,鷟
73202,鷥
73203,鷦
73204,鷫
73205,鷭
73206,鷯
73207,鷰
73208,鷲
73209,鷳
73210,鷸
73211,鷹
73212,鷺
73213,鸂
73214,鸇
73215,鸊
73216,鸌
73217,鸎
73218,鸏
73219,鸑
73220,鸕
73221,鸘
73222,鸚
73223,鸛
73224,鸜
73225,鸝
73226,鸞
73239,鸠合
73242,鸠集
73356,鸿图
73360,鸿福
73467,鹵
73468,鹹
73469,鹺
73470,鹻
73471,鹻
73472,鹼
73473,鹼
73474,鹽
73482,麁
73484,麅
73491,麐
73496,麕
73498,麗
73502,麞
73505,麤
73506,麥
73530,麨
73531,麩
73532,麪
73533,麯
73534,麰
73535,麴
73536,麴
73537,麵
73559,麻痹
73588,麽
73695,黌
73706,黎黑
73856,點
73867,黨
73876,黰
73878,黲
73879,黴
73881,黶
73882,黷
73886,黽
73890,黿
73891,鼂
73892,鼃
73893,鼇
73894,鼈
73895,鼉
73939,鼕
73959,鼦
73971,鼴
74017,齊
74018,齋
74019,齎
74020,齏
74044,齒
74045,齔
74046,齕
74047,齗
74048,齘
74049,齙
74050,齚
74051,齜
74052,齟
74053,齠
74054,齡
74055,齣
74056,齦
74057,齧
74058,齩
74059,齪
74060,齬
74061,齮
74062,齯
74063,齰
74064,齲
74065,齶
74066,齷
74067,齼
74095,龍
74096,龐
74097,龑
74098,龔
74099,龕
74139,龜
74155,龢
74163,𠇮
74164,𠈁
74169,𠌂
74170,𠕂
74171,𠕅
74172,𠖇
74174,𠞭
74175,𠞰
74176,𠩄
74177,𠭯
74178,𠮾
74179,𠯪
74184,𠴂
74185,𠴟
74186,𠷿
74189,𠻳
74190,𠼟
74191,𡂿
74192,𡉫
74194,𡍷
74198,𡑍
74200,𡚁
74202,𡨘
74203,𡨥
74204,𡬶
74205,𡰪
74208,𡻕
74209,𡽗
74211,𢌚
74213,𢥞
74214,𢫓
74217,𢬸
74218,𢮥
74220,𢳀
74221,𢳟
74222,𢴱
74223,𢶀
74224,𢷬
74225,𢸳
74226,𢹲
74228,𢾅
74229,𣇇
74230,𣈶
74235,𣔙
74239,𣘛
74240,𣙜
74241,𣟄
74242,𣟴
74245,𣭡
74248,𣰇
74249,𣰋
74257,𤋮
74258,𤍐
74259,𤏶
74260,𤛘
74266,𤨏
74270,𤭛
74273,𤰜
74274,𤱈
74275,𤱊
74276,𤱝
74277,𤴡
74278,𤵐
74279,𤺥
74282,𥄨
74289,𥎊
74290,𥐻
74291,𥒚
74294,𥕦
74296,𥗽
74298,𥛱
74299,𥤚
74301,𥦗
74311,𥱼
74312,𥲻
74313,𥲻
74319,𦃂
74323,𦉆
74324,𦊑
74326,𦍑
74327,𦍩
74328,𦐌
74330,𦔩
74331,𦕈
74339,𦪙
74340,𦪽
74345,𦵏
74346,𧄜
74347,𧈹
74351,𧦧
74352,𧰵
74353,𧴪
74354,𧹞
74356,𨂿
74359,𨄮
74360,𨉣
74361,𨎪
74365,𨙻
74369,𨧀
74370,𨨏
74371,𨭆
74373,𨭎
74374,𨭛
74378,𨱍头
74384,𨻶
74385,𨽻
74387,𩓐
74388,𩜇
74389,𩞁
74395,𪁏
74396,𪍑
74398,𪎭
74558,𫵒
74559,𫵘
74720,𭁵
74721,𭁹
74797,兔
74798,炭
74800,𰗣
